{"cameraMode":{"drawMode":0,"name":"Shaded","section":"Shading Mode"},"sceneLighting":true,"audioPlay":false,"sceneViewState":{"m_AlwaysRefresh":true,"showFog":true,"showSkybox":true,"showFlares":true,"showImageEffects":true,"showParticleSystems":true,"showVisualEffectGraphs":true,"m_FxEnabled":true},"in2DMode":false,"pivot":{"x":-36.91613006591797,"y":37.01454544067383,"z":-13.820610046386719},"rotation":{"x":0.19010086357593537,"y":0.6659154295921326,"z":-0.18128755688667298,"w":0.6982675790786743},"size":31.160215377807618,"orthographic":false}