{"cameraMode":{"drawMode":0,"name":"Shaded","section":"Shading Mode"},"sceneLighting":true,"audioPlay":false,"sceneViewState":{"m_AlwaysRefresh":true,"showFog":true,"showSkybox":true,"showFlares":true,"showImageEffects":true,"showParticleSystems":true,"showVisualEffectGraphs":true,"m_FxEnabled":true},"in2DMode":false,"pivot":{"x":-11.712163925170899,"y":45.400001525878909,"z":-16.890819549560548},"rotation":{"x":-0.00630972208455205,"y":0.6868628263473511,"z":0.0059886593371629719,"w":0.7267535924911499},"size":28.57689094543457,"orthographic":false}