{"cameraMode":{"drawMode":0,"name":"Shaded","section":"Shading Mode"},"sceneLighting":true,"audioPlay":false,"sceneViewState":{"m_AlwaysRefresh":true,"showFog":true,"showSkybox":true,"showFlares":true,"showImageEffects":true,"showParticleSystems":true,"showVisualEffectGraphs":true,"m_FxEnabled":true},"in2DMode":false,"pivot":{"x":6.111841201782227,"y":9.108024597167969,"z":-62.99687194824219},"rotation":{"x":-0.0018977533327415586,"y":0.705194354057312,"z":0.001919700182043016,"w":0.7090290784835815},"size":114.9519271850586,"orthographic":false}