{"cameraMode":{"drawMode":0,"name":"Shaded","section":"Shading Mode"},"sceneLighting":true,"audioPlay":false,"sceneViewState":{"m_AlwaysRefresh":true,"showFog":true,"showSkybox":true,"showFlares":true,"showImageEffects":true,"showParticleSystems":true,"showVisualEffectGraphs":true,"m_FxEnabled":true},"in2DMode":false,"pivot":{"x":-22.015731811523439,"y":12.970409393310547,"z":25.927024841308595},"rotation":{"x":-0.12900404632091523,"y":-0.5411391854286194,"z":0.08444361388683319,"w":-0.8266870975494385},"size":96.89828491210938,"orthographic":false}